Player,Top-League,Non-Top-League
Tom Bischof,0.954214760115164,0.04578523988483596
Florian Wirtz,0.959900658353914,0.04009934164608597
