Player,Bundesliga,LaLiga,Ligue 1,Premier League,Serie A
Tom Bischof,0.3061473759731254,0.13857628970310415,0.20725855066851967,0.18681482368197586,0.1612029599732749
Nick Woltemade,0.392503186766347,0.1171937152943617,0.14650954768317315,0.1885924178675959,0.15520113238852226
